Workbook

Sheet Présentation
A1: LearningKids — Cahier des specs : Epics & User Stories
A4: Nom du produit | B4: LearningKids
A5: Plateforme | B5: Application mobile Flutter (iOS / Android)
A6: Type de produit | B6: App complète d'apprentissage de la programmation avec parcours guidés
A7: Langages / technos enseignés | B7: Python, JavaScript, HTML, CSS, SQL, React, Node.js, Express, TypeScript
A8: Date du document | B8: 14/09/2026
A9: Auteur | B9: nawres@euroconstat.com
A11: Description du produit
A12: LearningKids est une application mobile de programmation avec parcours guidés, permettant d'apprendre Python, JavaScript, HTML, CSS, SQL et d'autres langages. Elle combine des leçons interactives courtes, un IDE mobile intégré (écrire / exécuter / modifier du code en Python, JavaScript et HTML), un assistant IA (expliquer, déboguer, améliorer le code tout en laissant l'utilisateur garder le contrôle), la création de projets pour se constituer un portfolio, ainsi qu'un système de motivation (streaks, badges, certificats, classements) pour suivre sa progression et rester motivé. L'objectif est de faire passer l'apprenant du niveau débutant à développeur, via des parcours Front-End, Full-Stack, Python et Backend renforcés par l'IA.
A17: Personas principaux
A18: Apprenant (enfant / ado) | B18: 8-16 ans, débutant à intermédiaire, apprend à coder pas à pas depuis son mobile.
A19: Parent / tuteur | B19: Supervise l'activité, la sécurité et le temps d'écran de l'apprenant.
A20: Administrateur de contenu | B20: Crée, publie et modère le contenu pédagogique et les projets partagés.
A22: Synthèse du backlog
A23: Indicateur | B23: Valeur
A24: Nombre d'Epics | B24: =COUNTA(Epics!A2:A1000) -> 13
A25: Nombre de User Stories | B25: =COUNTA('User Stories'!A2:A1000) -> 66
A26: User Stories - priorité Must | B26: =COUNTIF('User Stories'!F2:F1000,"Must") -> 27
A27: User Stories - priorité Should | B27: =COUNTIF('User Stories'!F2:F1000,"Should") -> 25
A28: User Stories - priorité Could | B28: =COUNTIF('User Stories'!F2:F1000,"Could") -> 14
A29: Total Story Points | B29: =SUM('User Stories'!G2:G1000) -> 391

Sheet Epics
A1: ID Epic | B1: Nom de l'Epic | C1: Description | D1: Objectif métier | E1: Priorité | F1: Nombre de User Stories
A2: EP01 | B2: Onboarding & Gestion de compte | C2: Inscription, connexion, personnalisation du profil et gestion du compte utilisateur. | D2: Faciliter l'arrivée d'un nouvel utilisateur et le rattachement de sa progression à un compte. | E2: Must | F2: =COUNTIF('User Stories'!B:B,A2) -> 6
A3: EP02 | B3: Contrôle parental & Sécurité enfant | C3: Supervision parentale, limites de temps d'écran, conformité à la protection des mineurs. | D3: Garantir un usage sûr, encadré et conforme pour un public d'enfants/ados. | E3: Must | F3: =COUNTIF('User Stories'!B:B,A3) -> 6
A4: EP03 | B4: Parcours d'apprentissage structurés | C4: Parcours Front-End, Full-Stack, Python et Backend renforcés par l'IA, organisés en modules progressifs. | D4: Faire progresser l'apprenant du débutant au développeur via une trajectoire claire. | E4: Must | F4: =COUNTIF('User Stories'!B:B,A4) -> 7
A5: EP04 | B5: Leçons interactives & Contenu pédagogique | C5: Leçons courtes, quiz, exercices pratiques et feedback pédagogique immédiat. | D5: Construire des bases solides en Python, JavaScript, HTML, CSS, SQL et plus. | E5: Must | F5: =COUNTIF('User Stories'!B:B,A5) -> 6
A6: EP05 | B6: IDE mobile intégré | C6: Éditeur de code mobile permettant d'écrire, d'exécuter et de modifier du code directement dans l'app. | D6: Permettre de coder où que l'on soit, sans installation d'outils externes. | E6: Must | F6: =COUNTIF('User Stories'!B:B,A6) -> 6
A7: EP06 | B7: Assistant IA pour le code | C7: Assistant IA capable d'expliquer, déboguer et suggérer des améliorations de code, sous contrôle de l'utilisateur. | D7: Apprendre le développement moderne assisté par l'IA sans perdre la main sur son code. | E7: Must | F7: =COUNTIF('User Stories'!B:B,A7) -> 6
A8: EP07 | B8: Projets & Portfolio | C8: Création de projets (apps, sites, outils) à partir de modèles guidés et publication dans un portfolio. | D8: Transformer les compétences acquises en réalisations concrètes et présentables. | E8: Should | F8: =COUNTIF('User Stories'!B:B,A8) -> 5
A9: EP08 | B9: Gamification & Motivation | C9: Streaks, badges, certificats, points d'expérience et classements. | D9: Maintenir la motivation et la régularité de l'apprentissage sur la durée. | E9: Should | F9: =COUNTIF('User Stories'!B:B,A9) -> 6
A10: EP09 | B10: Suivi de progression & Tableau de bord | C10: Indicateurs de progression, points faibles détectés, résumés de progression. | D10: Donner de la visibilité à l'apprenant (et au parent) sur l'évolution des compétences. | E10: Must | F10: =COUNTIF('User Stories'!B:B,A10) -> 4
A11: EP10 | B11: Collaboration & Outils développeurs modernes | C11: Bases de Git, workflows professionnels (revue de code, tests, CI/CD), défis collaboratifs. | D11: Préparer l'apprenant aux outils et pratiques utilisés par les développeurs actuels. | E11: Could | F11: =COUNTIF('User Stories'!B:B,A11) -> 4
A12: EP11 | B12: Notifications & Rappels | C12: Rappels quotidiens, notifications de récompenses, gestion des préférences. | D12: Encourager la régularité et informer l'utilisateur de ses réussites. | E12: Should | F12: =COUNTIF('User Stories'!B:B,A12) -> 3
A13: EP12 | B13: Administration & Gestion de contenu (back-office) | C13: Création/publication de leçons, modération des contenus, statistiques d'usage, gestion des comptes. | D13: Permettre à l'équipe produit de maintenir et faire évoluer la plateforme. | E13: Must | F13: =COUNTIF('User Stories'!B:B,A13) -> 4
A14: EP13 | B14: Paramètres, Accessibilité & Multi-langue | C14: Langue de l'application, mode sombre, options d'accessibilité. | D14: Rendre l'application confortable et inclusive pour tous les profils d'utilisateurs. | E14: Could | F14: =COUNTIF('User Stories'!B:B,A14) -> 3

Sheet User Stories
A1: ID US | B1: ID Epic | C1: Epic | D1: User Story | E1: Critères d'acceptation | F1: Priorité (MoSCoW) | G1: Story Points | H1: Statut
A2: US01 | B2: EP01 | C2: =VLOOKUP(B2,Epics!$A:$B,2,0) -> Onboarding & Gestion de compte | D2: En tant que nouvel utilisateur, je veux créer un compte (email, Google, Apple) afin de sauvegarder ma progression. | E2: Formulaire d'inscription validé ; vérification de l'email ; création automatique d'un profil par défaut. | F2: Must | G2: 5 | H2: À faire
A3: US02 | B3: EP01 | C3: =VLOOKUP(B3,Epics!$A:$B,2,0) -> Onboarding & Gestion de compte | D3: En tant qu'utilisateur, je veux me connecter avec mon compte existant afin de retrouver mes parcours et mon niveau. | E3: Connexion email/mot de passe et SSO fonctionnelles ; gestion des erreurs ; option « mot de passe oublié ». | F3: Must | G3: 3 | H3: À faire
A4: US03 | B4: EP01 | C4: =VLOOKUP(B4,Epics!$A:$B,2,0) -> Onboarding & Gestion de compte | D4: En tant que nouvel utilisateur, je veux passer un test de niveau afin de recevoir un parcours adapté à mes compétences. | E4: Questionnaire de positionnement proposé à l'inscription ; recommandation de parcours affichée à l'issue. | F4: Should | G4: 5 | H4: À faire
A5: US04 | B5: EP01 | C5: =VLOOKUP(B5,Epics!$A:$B,2,0) -> Onboarding & Gestion de compte | D5: En tant qu'utilisateur, je veux personnaliser mon profil (avatar, pseudo) afin de rendre l'app plus engageante. | E5: Écran profil éditable ; sauvegarde immédiate des modifications. | F5: Could | G5: 3 | H5: À faire
A6: US05 | B6: EP01 | C6: =VLOOKUP(B6,Epics!$A:$B,2,0) -> Onboarding & Gestion de compte | D6: En tant qu'utilisateur, je veux choisir mes objectifs d'apprentissage (créer un site, un jeu, une app) afin que l'app adapte ses recommandations. | E6: Sélection multiple d'objectifs enregistrée au profil ; influence sur le fil de recommandations. | F6: Should | G6: 3 | H6: À faire
A7: US06 | B7: EP01 | C7: =VLOOKUP(B7,Epics!$A:$B,2,0) -> Onboarding & Gestion de compte | D7: En tant qu'utilisateur, je veux supprimer mon compte et mes données afin de garder le contrôle de ma vie privée. | E7: Option de suppression dans les paramètres ; confirmation requise ; suppression effective sous le délai légal. | F7: Must | G7: 3 | H7: À faire
A8: US07 | B8: EP02 | C8: =VLOOKUP(B8,Epics!$A:$B,2,0) -> Contrôle parental & Sécurité enfant | D8: En tant que parent, je veux créer un compte parent lié au compte de mon enfant afin de superviser son activité. | E8: Liaison parent-enfant par code ou email ; accès à une vue dédiée « Espace parent ». | F8: Must | G8: 5 | H8: À faire
A9: US08 | B9: EP02 | C9: =VLOOKUP(B9,Epics!$A:$B,2,0) -> Contrôle parental & Sécurité enfant | D9: En tant que parent, je veux consulter un rapport de progression et de temps passé par mon enfant afin de suivre son apprentissage. | E9: Tableau de bord parent affichant temps d'utilisation, leçons terminées et badges obtenus. | F9: Must | G9: 5 | H9: À faire
A10: US09 | B10: EP02 | C10: =VLOOKUP(B10,Epics!$A:$B,2,0) -> Contrôle parental & Sécurité enfant | D10: En tant que parent, je veux définir des limites de temps d'utilisation quotidien afin d'encadrer l'usage de l'app. | E10: Paramétrage de plages horaires/durées ; blocage automatique de l'app une fois la limite atteinte. | F10: Should | G10: 5 | H10: À faire
A11: US10 | B11: EP02 | C11: =VLOOKUP(B11,Epics!$A:$B,2,0) -> Contrôle parental & Sécurité enfant | D11: En tant que parent, je veux être alerté si l'assistant IA détecte un contenu ou une interaction inappropriée afin de garantir la sécurité de mon enfant. | E11: Système de modération IA actif ; alerte envoyée au parent ; journal des interactions signalées consultable. | F11: Must | G11: 8 | H11: À faire
A12: US11 | B12: EP02 | C12: =VLOOKUP(B12,Epics!$A:$B,2,0) -> Contrôle parental & Sécurité enfant | D12: En tant qu'enfant utilisateur, je veux une interface et un vocabulaire adaptés à mon âge afin de comprendre facilement les leçons. | E12: Mode « Kids UI » avec tons, animations et formulations simplifiées selon la tranche d'âge sélectionnée. | F12: Must | G12: 8 | H12: À faire
A13: US12 | B13: EP02 | C13: =VLOOKUP(B13,Epics!$A:$B,2,0) -> Contrôle parental & Sécurité enfant | D13: En tant que responsable produit, je veux que l'app respecte les réglementations de protection des mineurs (RGPD/COPPA) afin d'assurer sa conformité légale. | E13: Consentement parental vérifiable ; minimisation des données collectées ; aucune publicité ciblée envers les mineurs. | F13: Must | G13: 8 | H13: À faire
... A67: US66 | B67: EP13 | C67: =VLOOKUP(B67,Epics!$A:$B,2,0) -> Paramètres, Accessibilité & Multi-langue | D67: En tant qu'utilisateur ayant des besoins spécifiques, je veux bénéficier d'options d'accessibilité (taille de police, contraste, lecture vocale) afin d'utiliser l'app confortablement. | E67: Réglages d'accessibilité disponibles, conformes aux standards de base (WCAG). | F67: Could | G67: 8 | H67: À faire
